lat,lon,densidad_500m,rating_norm,log_resenas,precio_log,nombre
0.9321828982719687,-0.8901105999029937,1.175044302901767,0.8069992173185606,0.8709043303428595,0.30697831859800245,Oliva Restaurant - Cocina Abierta
0.8570205646053827,-0.8362112168247708,1.5599843891064742,0.8069992173185606,0.7441042538010729,0.014470627478640771,YATI Restaurant café bar
0.9917459089788224,-0.8808541051426056,1.2392009839358848,0.8069992173185606,1.1560169085288097,0.7851836876031707,Popular Cocina Boliviana
-1.6316991922391433,1.18320892091727,-0.942126171224123,0.5663219852835834,1.302169659511236,2.740154882697466,Gustu
0.9501477144196003,-0.8402186502832963,1.5172132684170623,0.5663219852835834,0.8375844757369139,0.5608781900995343,Café Restaurante Banais
-1.0245918630967137,1.7446515423051698,-0.9848972919135349,1.04767644935354,0.0642428789587273,1.760980619179231,ASAU
0.23084380404520968,-0.4055215584035951,0.7687186563523537,0.5663219852835834,0.8484544874298908,0.7851836876031707,Manq'a Restaurante
0.9075850021368148,-0.8906080469563578,1.175044302901767,1.2883536813885172,-0.21305199524383084,-1.2897896599385599,Restaurante Cafeteria Sabor Urbano
0.287480931378353,-0.48136432588061984,0.8970320184205895,0.5663219852835834,0.30849473828695273,1.4872086702266105,LUDO COCINA A LA VISTA
0.22605354563041283,-0.5302534222417805,0.6617908546288239,1.04767644935354,-0.3520325834358082,-1.2897896599385599,Restaurante Vegetariano Armonia
0.21751298366450775,-0.34797290374517836,0.5762486132500001,0.5663219852835834,0.12517149032211528,1.1679926760602728,Bodegón Porteño
-1.4002957640861156,1.1442568268852145,-0.4930294039852978,1.2883536813885172,0.0048218490476745575,1.1679926760602728,Mestizo Cocina de Autor
0.6956712980407931,-0.6347650582731166,-0.4502582832958859,1.5290309134234967,-0.15798816598449228,0.30697831859800245,Ayluri
0.9332605717061027,-0.8644224340904172,1.196429863246473,0.08496752121362659,-0.10081058357693282,0.30697831859800245,La Boliviana
0.8905847037127466,-0.908153999407109,1.175044302901767,0.5663219852835834,0.6704862337643253,0.30697831859800245,Sabor Cubano La Paz Bolivia
-1.4234064708819576,1.2846005690324043,0.23407964773470477,0.8069992173185606,1.2441802951723167,0.7851836876031707,El Bosque Boulevard
-1.0967151576790186,1.737193816087683,-1.0062828522582408,0.32564475324860603,-0.04252554833044398,0.9860792043722097,Carbón & Sal
0.1670455367421362,-0.48628706191647547,0.7687186563523537,0.32564475324860603,0.6269478811160567,1.1679926760602728,La Rufina Restaurant
-1.4103342921254172,1.2692831793787787,0.08438072532176306,-0.6370641748913074,0.21511215245314325,1.4872086702266105,La Casa del Camba - Restaurant- La Paz
0.835596416734016,-0.6792408043809125,0.3410074494582346,0.5663219852835834,0.9552229147190615,-1.2897896599385599,Paceña La Salteña
-1.4423196396516424,0.8551445793021916,-1.476765179841772,0.5663219852835834,0.5777773291555084,0.7851836876031707,HASTA LA VUELTA
-1.383581049121995,1.3311456948802265,0.5548630529052941,0.8069992173185606,-0.5067210839570084,1.6289528361607486,Yerbabuena Restaurante
0.9770949386411435,-0.9023318790992371,1.2392009839358848,0.5663219852835834,0.2754205815731861,0.014470627478640771,The Lucky Llama Irish Bar
-1.2971516397011487,1.375151850969665,0.06299516497705711,0.8069992173185606,1.0189384206356147,2.740154882697466,La Suisse Restaurant
0.1533267539250005,-0.34904340980285503,0.44793525118176436,0.08496752121362659,1.2117948406328218,1.1679926760602728,Don Hugo Parrilla ex Parrilla Casa Argentina
0.8431293540388697,-0.8471351541070986,1.5172132684170623,1.2883536813885172,0.33334733900737135,-1.2897896599385599,Cafe Vida Vegan & Healthy Restaurant La Paz
0.9078220902924238,-0.8975524078151665,1.175044302901767,1.04767644935354,0.3992495292473169,0.30697831859800245,New Delhi Curry Lounge
0.910198360214791,-0.6758820418793449,0.3410074494582346,0.08496752121362659,0.8159317324576082,2.740154882697466,Ali Pacha
0.9828389380452275,-0.9043336060401235,1.2605865442805908,0.08496752121362659,1.1836210626367794,-0.3305287819036897,The Carrot Tree Centro
-1.4233202570071732,1.265001155146941,0.14853740635588095,0.5663219852835834,-0.29716988935479693,1.6289528361607486,Sach’a Yuntas
-1.5252789406144778,1.3648566867627938,0.7901042166970598,0.5663219852835834,0.15230862657832245,0.7851836876031707,La Rufina Calacoto
-1.0778343191121624,1.6061185074305735,-0.920740610879417,0.5663219852835834,0.49896970921486317,2.740154882697466,Ancestral
-1.5643230491345301,1.4540469535637515,0.14853740635588095,0.32564475324860603,0.35249689480973123,0.7851836876031707,Propiedad Pública
0.9128494368628297,-0.8958451695290934,1.175044302901767,0.08496752121362659,1.3861149676168474,-0.3305287819036897,Café del Mundo
-1.575315318163119,1.1376149138341587,-0.8351983695005931,0.5663219852835834,0.9288346766481232,1.6289528361607486,Tinto
-1.517746003309624,1.4739886110211016,0.19130852704529286,0.5663219852835834,1.232069862220471,1.4872086702266105,Fellini Pizza y Gelato
-1.5540474329398108,1.3476529778844948,0.619019733939412,-0.15570971082135068,0.7912251250969295,1.760980619179231,FUEGO Parrilla Experience
-1.64233582903451,1.0766796396397333,-1.1345962143264765,0.32564475324860603,0.8786267068549849,1.4872086702266105,El Vagón del Sur
0.21138102182399,-0.31063253816448394,0.14853740635588095,0.32564475324860603,0.22884556396004846,1.3342035768348843,El Rincón Español
0.3175264667231753,-0.5144744017233025,0.640405294284118,0.08496752121362659,0.7978672197355219,0.30697831859800245,Il Falco
-1.4260521591627624,1.063606731088547,-0.942126171224123,0.32564475324860603,0.4064526344044409,1.4872086702266105,La Tranquera
0.6399663582281929,-0.2518900105792377,-1.1559817746711825,0.5663219852835834,0.4330438123930203,0.7851836876031707,Paladar Cozinha Brasileira
0.9106725365258176,-0.8961396581844723,1.175044302901767,0.32564475324860603,0.5702487856834442,0.014470627478640771,Bolivian Green Kitchen
0.8851262877686105,-0.8697829235323057,1.175044302901767,0.32564475324860603,0.5756361747923023,-0.3305287819036897,La Grosería
-0.029069474808989713,-0.4601492039676081,-0.7710416884664753,-0.15570971082135068,0.5252665996550543,-0.3305287819036897,Ita Bella Restaurant
-1.5120181690068586,1.2622114720740643,-0.022547076401766727,1.04767644935354,0.5402681408853993,0.9860792043722097,Santo Ramen Restaurante
0.4611264518268069,-0.5083856497956238,0.06299516497705711,-0.15570971082135068,0.6631431273182936,-0.3305287819036897,Restaurant Doña Remedios
0.8616599487395462,-0.8308069520419963,1.5599843891064742,1.04767644935354,0.13663183779437213,-0.3305287819036897,INTI Restaurant Café Bar
-1.4495993236995686,1.1207614076812513,-0.47164384364059186,-0.15570971082135068,-0.012487935288184208,0.014470627478640771,Sumaq Mikhuy Comida Nacional
0.3171600577554855,-0.488050014271996,0.7259475356629418,0.5663219852835834,0.5333920728534324,2.740154882697466,Mi Chola
-1.5139256509854329,1.5090327610055305,0.14853740635588095,0.5663219852835834,0.6089892486208767,1.1679926760602728,Paladar-Cozinha Brasileira
0.36564458555896606,-0.4698195746763407,0.640405294284118,-0.15570971082135068,1.141914969922323,1.1679926760602728,Churrasquería Sabor Gaucho
-1.2888212240548749,1.3750483819831443,0.04160960463235115,-0.39638694285633014,0.416390413404354,1.760980619179231,Nina Brasas con Altura
1.4075877570237294,-0.23903995830810323,-1.3912229384629482,0.32564475324860603,0.06935736619275566,0.30697831859800245,Potokos
-1.42382676352122,1.2780740636975618,0.25546520807941075,1.04767644935354,0.33334733900737135,0.5608781900995343,La Gaira
0.8945613186848047,-0.1198874606151056,-1.0918250936370646,0.08496752121362659,0.6612928728061015,1.3342035768348843,Restaurant Chabuca
-1.570293359959947,1.4422952643853002,0.127151846011175,-0.39638694285633014,-0.13228350387189453,1.1679926760602728,Tutto Pasta
0.332085834818836,-0.4584459452582877,0.8542608977311776,0.08496752121362659,0.42199433239770606,0.7851836876031707,Pronto Dalicatessen
-1.3285334901042665,1.0653298876799342,-1.1345962143264765,0.8069992173185606,0.6937346786638249,1.1679926760602728,Restaurant Furusato
-0.8814067822651108,1.841442800074834,-1.2201384557053003,0.32564475324860603,0.44790425391161437,1.6289528361607486,Phayawi Restaurante
0.9128494368628297,-0.8958451695290934,1.175044302901767,0.08496752121362659,1.3861149676168474,-0.3305287819036897,Café del Mundo
0.9945532482747282,-0.8823305279956871,1.2392009839358848,0.5663219852835834,0.013288575798915651,-1.2897896599385599,Café con Pan
0.9551696726227723,-0.6718387922334387,-0.022547076401766727,0.5663219852835834,0.5026259441883628,-1.2897896599385599,The Writer's Coffee
0.8843395861616581,-0.5720628521458526,-0.5358005246747097,0.8069992173185606,1.113934218585251,0.5608781900995343,Hb Bronze Coffeebar
0.8431293540388697,-0.8471351541070986,1.5172132684170623,1.2883536813885172,0.33334733900737135,-1.2897896599385599,Cafe Vida Vegan & Healthy Restaurant La Paz
0.595016599288764,-0.5566618913877729,-0.5999572057088276,0.5663219852835834,0.4714361948921853,-0.3305287819036897,Typica Café Centro
0.2915329834907278,-0.3953577202182511,0.7901042166970598,0.8069992173185606,0.41498101425004685,-0.3305287819036897,Biofilia Café
0.04047279189816777,-0.5068057579554562,-0.32194492122765017,0.32564475324860603,0.5205723455329637,-1.2897896599385599,Retrato Café
-1.463393543657021,1.4877181496816199,0.40516413049235245,0.32564475324860603,0.8080519123731711,-0.3305287819036897,Roaster Specialty Coffee
0.10849553906337614,-0.5283233276767866,0.3410074494582346,0.5663219852835834,0.8471067191343018,-0.3305287819036897,Sultana
-1.5268738972971263,1.4533027727726473,0.29823632876882267,0.32564475324860603,0.24036603515576072,-0.3305287819036897,Typica Café San Miguel
0.4018166943770723,-0.46725274788351595,0.5334774925605882,0.8069992173185606,-0.30677018740954004,-1.2897896599385599,Experiment Coffee
0.8067201570653459,-0.7903187415100936,1.7738399925535338,1.04767644935354,-0.49325830562103334,-1.2897896599385599,Ocheto Coffee
0.1482832422530845,-0.41404581110257144,0.8114897770417657,0.32564475324860603,-0.31653049777921943,-1.2897896599385599,Wayruru Café
0.21685021450240233,-0.3951547618208315,0.7687186563523537,0.5663219852835834,-0.3520325834358082,-1.2897896599385599,Mugen Coffee Project
-1.4087177819740246,1.3330439528340268,0.5548630529052941,0.8069992173185606,-0.940522811106177,0.014470627478640771,Café Buena Vista
-1.4808895718608597,1.3515290853209276,0.8328753373864717,-0.15570971082135068,0.5967033770396917,0.014470627478640771,Café Khofisuyo Tostadores y Panadería
0.6982307724468136,-0.6320947624926402,-0.42887272295117995,1.769708145458474,-0.8361397437992402,-1.2897896599385599,Unuy Pastelería & Cafetería
-0.9383456581597122,1.734949334984678,-0.942126171224123,0.32564475324860603,-0.058142608921580005,-0.3305287819036897,Typica Café Achumani
0.9501477144196003,-0.8402186502832963,1.5172132684170623,0.5663219852835834,0.8375844757369139,0.5608781900995343,Café Restaurante Banais
-1.5268738972971263,1.4533027727726473,0.29823632876882267,0.32564475324860603,0.24036603515576072,-0.3305287819036897,Typica Café San Miguel
0.18394345618991004,-0.33470897552626483,0.36239300980294054,0.32564475324860603,1.5258029614427635,-0.3305287819036897,Typica Café
-1.4808895718608597,1.3515290853209276,0.8328753373864717,-0.15570971082135068,0.5967033770396917,0.014470627478640771,Café Khofisuyo Tostadores y Panadería
0.8570205646053827,-0.8362112168247708,1.5599843891064742,0.8069992173185606,0.7441042538010729,0.014470627478640771,YATI Restaurant café bar
-1.4087177819740246,1.3330439528340268,0.5548630529052941,0.8069992173185606,-0.940522811106177,0.014470627478640771,Café Buena Vista
0.21685021450240233,-0.3951547618208315,0.7687186563523537,0.5663219852835834,-0.3520325834358082,-1.2897896599385599,Mugen Coffee Project
-1.4331809689298638,1.0813556419367178,-0.8138128091558872,0.5663219852835834,-0.18487311964409453,-0.3305287819036897,Mokaffee
0.4961185082344846,-0.5623089103326661,-0.1936315591594144,-1.118418638961264,0.9199661820788771,-1.2897896599385599,Café Ciudad
-1.4377610810250294,1.4521009406923127,0.7901042166970598,-0.39638694285633014,1.519630799304156,0.014470627478640771,Vainilla
-1.4103720106954798,1.2334988281794323,0.04160960463235115,0.5663219852835834,0.31522590510853477,0.014470627478640771,Epico Restaurante
0.8067201570653459,-0.7903187415100936,1.7738399925535338,1.04767644935354,-0.49325830562103334,-1.2897896599385599,Ocheto Coffee
-1.4002957640861156,1.1442568268852145,-0.4930294039852978,1.2883536813885172,0.0048218490476745575,1.1679926760602728,Mestizo Cocina de Autor
0.9075850021368148,-0.8906080469563578,1.175044302901767,1.2883536813885172,-0.21305199524383084,-1.2897896599385599,Restaurante Cafeteria Sabor Urbano
0.8341846645352122,-0.6685118663430646,0.1699229667005869,1.04767644935354,-0.21719056417154076,-1.2897896599385599,Devotos Typica
-0.9383456581597122,1.734949334984678,-0.942126171224123,0.32564475324860603,-0.058142608921580005,-0.3305287819036897,Typica Café Achumani
0.29190478082565147,-0.4513105647311862,0.8756464580758836,-0.6370641748913074,0.6190341787122914,-0.3305287819036897,Ciclik
0.6982307724468136,-0.6320947624926402,-0.42887272295117995,1.769708145458474,-0.8361397437992402,-1.2897896599385599,Unuy Pastelería & Cafetería
-1.5297890039365605,1.4430991388226044,0.3837785701476465,-1.5997731030312197,0.25723262693821797,-0.3305287819036897,ROSSE COFFEE
1.227513914540342,-0.23980403698127412,-1.3698373781182422,1.2883536813885172,-0.4302292434191643,-1.2897896599385599,Camelot Café
0.27454885016816966,-0.4640810254740539,0.8756464580758836,0.08496752121362659,0.15451429798414132,-0.3305287819036897,Kuchen Stube
0.29190478082565147,-0.4513105647311862,0.8756464580758836,-0.6370641748913074,0.6190341787122914,-0.3305287819036897,Ciclik
-1.4377610810250294,1.4521009406923127,0.7901042166970598,-0.39638694285633014,1.519630799304156,0.014470627478640771,Vainilla
0.9828389380452275,-0.9043336060401235,1.2605865442805908,0.08496752121362659,1.1836210626367794,-0.3305287819036897,The Carrot Tree Centro
-1.5297890039365605,1.4430991388226044,0.3837785701476465,-1.5997731030312197,0.25723262693821797,-0.3305287819036897,ROSSE COFFEE
0.06244116485383537,-0.49177489780426953,0.127151846011175,0.8069992173185606,-1.4560653389360896,-1.2897896599385599,Araguaney Cafe
0.14633265333721376,-0.24020199462373912,-0.6213427660535336,-0.15570971082135068,0.9121699933464439,-0.3305287819036897,Las Tres Escobas Café Mágico
-1.637868872649915,1.48654019506067,-0.043932636746472686,0.5663219852835834,-0.18095601429695488,0.014470627478640771,Otoño Café y Vinos
0.6506622670623662,-0.6455337920745324,-0.5999572057088276,0.8069992173185606,-1.1234510091392396,-1.2589593732065147,Cultura Café
-0.70786364079276,0.35419549912649695,-1.3698373781182422,-0.15570971082135068,0.5062594929663683,-1.2897896599385599,Café Rayuela
0.35405420777450364,-0.475100472590528,0.640405294284118,-0.39638694285633014,0.18035400727256592,-0.3305287819036897,Café Urbano
-1.0826084124256405,1.6068149333046045,-0.920740610879417,0.5663219852835834,-1.0856569242126024,-0.3305287819036897,La Mia Aroma K-fé
0.9770949386411435,-0.9023318790992371,1.2392009839358848,0.5663219852835834,0.2754205815731861,0.014470627478640771,The Lucky Llama Irish Bar
0.9702948192714779,-0.737776393992552,1.5599843891064742,-0.15570971082135068,1.0620848219455283,-0.3305287819036897,Alexander Coffee
0.22652233357420565,-0.40070627093157823,0.7901042166970598,-0.15570971082135068,1.027429218525417,-0.3305287819036897,Alexander Coffee
0.5102090883863525,-0.4927857102157461,-0.1936315591594144,1.2883536813885172,-1.0676368850098799,0.014470627478640771,Café DELEITE
-0.6622888312614797,0.2984336742818546,-1.3698373781182422,0.32564475324860603,0.2718279011885457,-0.3305287819036897,Typica Obrajes
0.9301245420125696,-0.6982512409550526,0.5548630529052941,1.5290309134234967,-1.422593082230144,-1.9948907702782201,Andean Hills coffee
0.6860907812108165,-0.7461414636344292,-0.022547076401766727,0.08496752121362659,-1.0166825818500684,-1.2897896599385599,Aliño Café Restaurante
0.026991097236641122,-0.5281601650435004,-0.7282705677770633,1.2883536813885172,-0.8482145028412975,-1.2897896599385599,El caldero inglés
-1.2971516397011487,1.375151850969665,0.06299516497705711,0.8069992173185606,1.0189384206356147,2.740154882697466,La Suisse Restaurant
0.6586747690454805,-0.6523189698768076,-0.5571860850194157,-1.840450335066198,0.8066077561149014,-1.2897896599385599,Llajuita
0.835596416734016,-0.6792408043809125,0.3410074494582346,0.5663219852835834,0.9552229147190615,-1.2897896599385599,Paceña La Salteña
0.6345941561588412,-0.2144421964347045,-1.1773673350158884,-0.6370641748913074,0.8423649518020733,-1.2897896599385599,Niki's Fast Food & Juices Villalobos
1.345767020472313,-0.9039316688214714,-1.3270662574288303,-0.39638694285633014,0.3067997875640606,-1.2897896599385599,Homero Burger
0.5097995724813662,-0.6148631965799001,-0.407487162606474,-0.8777414069262858,0.09671544380828725,-1.2897896599385599,Rey Porky Landaeta
1.044573460722051,-0.77231911734743,1.5599843891064742,-1.5997731030312197,0.560424798364217,-1.2897896599385599,Mega Burguer
-1.3579378097557273,1.2753480538476378,-0.15086043847000247,1.2883536813885172,-1.6600355036014487,0.014470627478640771,Tintoretto Food Truck
-1.3298644167955198,1.4682699597008813,0.127151846011175,-0.15570971082135068,1.820993826368463,-0.3305287819036897,Pollos Copacabana
0.2271851027361196,-0.47458710723184994,0.8542608977311776,0.08496752121362659,0.36951699829892903,-1.2897896599385599,Go Green
-1.441576044982178,1.4165991394192183,0.9184175787652955,1.04767644935354,-0.2647565932736636,-1.2897896599385599,Go Green
1.0397239302682562,-0.7625810938395574,1.5599843891064742,-1.5997731030312197,0.053877916944267426,0.014470627478640771,Don Papanataz
-0.7065650443045269,0.38825669373445604,-1.3056806970841244,-1.118418638961264,-0.2602691761741811,-1.2897896599385599,Comida China Rapida
0.9075850021368148,-0.8906080469563578,1.175044302901767,1.2883536813885172,-0.21305199524383084,-1.2897896599385599,Restaurante Cafeteria Sabor Urbano
0.9078220902924238,-0.8975524078151665,1.175044302901767,1.04767644935354,0.3992495292473169,0.30697831859800245,New Delhi Curry Lounge
-0.03554629214845336,-0.8280411464273735,-1.4126084988076542,-0.6370641748913074,0.4330438123930203,-1.2897896599385599,Pollos Yack’s - Sopocachi
1.0362107148727568,-0.18550271668383359,-1.0490539729476527,0.5663219852835834,-1.6600355036014487,-1.2897896599385599,Q' Rollo Con El Pollo
0.6684223252576004,-0.6542928397826875,-0.4930294039852978,-1.118418638961264,0.19079287665961606,-3.2005333176455038,Las Chachas
-1.587767834695042,1.511675199750435,0.020224044287645192,0.32564475324860603,0.7481125176765427,-1.2897896599385599,"Texas Wings, San Miguel"
-1.0779798050257534,1.618594479517497,-0.920740610879417,-0.6370641748913074,0.7669792790769723,-1.2897896599385599,Api Happy Achumani
0.1271608429431758,-0.38016767701053084,0.5762486132500001,-0.15570971082135068,0.8044348220227064,0.014470627478640771,La Capital Hamburguesas
0.1271608429431758,-0.38016767701053084,0.5762486132500001,-0.15570971082135068,0.8044348220227064,0.014470627478640771,La Capital Hamburguesas
-1.4234064708819576,1.2846005690324043,0.23407964773470477,0.8069992173185606,1.2441802951723167,0.7851836876031707,El Bosque Boulevard
-0.5848202764458008,1.1360549198766234,-1.455379619497066,1.769708145458474,-2.4718565043616,0.014470627478640771,Comida rápida MEDIA LUNA
0.6777172586274377,-0.27476063628393116,-1.0490539729476527,-0.39638694285633014,1.032366895889487,-1.2897896599385599,Snack Iglú
-1.5022382825917184,1.2183963356529186,-0.23640267984882632,-1.3590958709962415,0.08938000260085617,0.9860792043722097,FACTORY Grill&Bar
0.7111413001882531,-0.04519081114840271,-1.2415240160500063,1.769708145458474,-2.7092989257329045,0.014470627478640771,La Esquina comida rápida
0.8560183283115652,-0.6718706288446322,0.36239300980294054,-2.0811275671011766,-1.33232166320473,0.014470627478640771,Boomerang Food
0.9519635941561564,0.26345319752037816,-1.476765179841772,0.32564475324860603,-1.7109898067612601,0.014470627478640771,"Fast Food ""El Patrón"" Comida Rápida"
0.7433421824015349,-0.7047379505251964,0.21269408738999881,-1.118418638961264,1.1357657527698901,-1.2897896599385599,Pollos Cochabamba El Prado
0.1414885112506528,-0.44378120613837235,0.8114897770417657,0.5663219852835834,-0.16935949543332904,0.014470627478640771,La Huerta
0.6299871022276978,-0.17190848362159492,-1.2201384557053003,-0.15570971082135068,1.0912571756629945,-0.7510710612835745,"Texas Wings, Miraflores"
-1.3666184692679895,1.5024943169421268,0.25546520807941075,-0.6370641748913074,-0.4484360487105196,-0.3305287819036897,Jack's Chicken Wings
0.890665529220297,-0.19525267892139853,-0.963511731568829,-1.3590958709962415,0.977240736169469,-1.2897896599385599,Don Pollo
0.4483452448976397,-0.5218485568357698,0.06299516497705711,-0.39638694285633014,-1.0166825818500684,0.014470627478640771,Comé Comi
-1.4078179246565015,1.4471224905870095,0.7901042166970598,0.08496752121362659,-0.5947271033837888,-1.2897896599385599,TRUCKPALU
-0.9546454688516125,1.131299326050241,-1.3912229384629482,0.32564475324860603,-1.2790481290296047,0.30697831859800245,El pueblo del pique Express - Megacenter
0.9332605717061027,-0.8644224340904172,1.196429863246473,0.08496752121362659,-0.10081058357693282,0.30697831859800245,La Boliviana
-1.4690351640848105,1.9634088582983966,-1.455379619497066,0.5663219852835834,0.07442757159637654,-0.3305287819036897,La Viñeta - Gourmet Fast Food
0.3184963728137811,-0.47328180616499455,0.8542608977311776,-0.6370641748913074,-0.12514189016759525,-1.9948907702782201,Los Castores
0.9552343330288128,-0.7334267169615745,1.5599843891064742,-1.3590958709962415,0.20307874824080105,-0.3305287819036897,"Sillpichs ""Socabaya"""
0.3184963728137811,-0.47328180616499455,0.8542608977311776,-0.6370641748913074,-0.12514189016759525,-1.9948907702782201,Los Castores
0.9552343330288128,-0.7334267169615745,1.5599843891064742,-1.3590958709962415,0.20307874824080105,-0.3305287819036897,"Sillpichs ""Socabaya"""
0.20893470312854007,-0.38821836011496247,0.7473330960076477,-0.8777414069262858,0.0019721837361079127,-0.3305287819036897,Kalakitas Express
-0.8006189932722454,0.6308914682682311,-1.455379619497066,-0.39638694285633014,0.02163463249618877,0.7851836876031707,Sabor Gaucho Obrajes
-0.9351180262243524,1.1337746225856722,-1.3912229384629482,-1.3590958709962415,-0.2255564931075097,0.014470627478640771,Sillpichs Megacenter
-0.002655698937471144,-0.46383429173574825,-0.6427283263982395,1.04767644935354,-2.303388425352829,0.014470627478640771,La Casa Del Payaso
-1.5578947270997883,1.4535534860871402,0.14853740635588095,0.32564475324860603,-0.31163000837908855,0.014470627478640771,Cozzolisi
0.8570205646053827,-0.8362112168247708,1.5599843891064742,0.8069992173185606,0.7441042538010729,0.014470627478640771,YATI Restaurant café bar
-1.655736698188486,1.6304894334471678,-1.1987528953605944,-1.118418638961264,0.6190341787122914,-0.3305287819036897,Sillpichs
0.06058756654702519,-0.20211346867518787,-1.1345962143264765,-0.6370641748913074,0.05908332958270884,0.30697831859800245,Chifa Emy
-1.4155879501169644,1.5221295470149707,0.21269408738999881,0.8069992173185606,0.4662879853313534,0.7851836876031707,Isu Sushi
1.0541108706145397,-0.7868206938340591,1.4102854666935325,-1.118418638961264,0.12517149032211528,-1.2897896599385599,Pollos REY
1.8837308220781035,-0.18190517959746555,-1.4339940591523601,-0.8777414069262858,-0.024318743039089215,0.30697831859800245,Exquisita
0.9538387459317106,-0.13381995767360919,-1.1132106539817705,-1.3590958709962415,0.2807686102124804,0.014470627478640771,La Llave 2
0.7244236252644247,-0.6671150350188155,-0.407487162606474,-1.118418638961264,0.8709043303428595,-0.3305287819036897,Eli's Pizza
-1.0245918630967137,1.7446515423051698,-0.9848972919135349,1.04767644935354,0.0642428789587273,1.760980619179231,ASAU
0.9281631763624226,-0.33160092633918997,-1.0490539729476527,1.769708145458474,-2.7092989257329045,0.014470627478640771,Walisuma comida rápida
0.8807132150557796,-0.23328151122318416,-0.963511731568829,-0.6370641748913074,0.5615245265107792,-1.2897896599385599,Los Castores Salteñería
0.9599707077720369,-0.8294021615642418,1.5599843891064742,1.04767644935354,-1.33232166320473,-3.2005333176455038,Papa Express
0.5567484156411961,-0.5835081139397982,-0.5571860850194157,-1.3590958709962415,0.38457194222549834,-0.3305287819036897,Hamburguesas Toby
0.835596416734016,-0.6792408043809125,0.3410074494582346,0.5663219852835834,0.9552229147190615,-1.2897896599385599,Paceña La Salteña
0.8807132150557796,-0.23328151122318416,-0.963511731568829,-0.6370641748913074,0.5615245265107792,-1.2897896599385599,Los Castores Salteñería
0.26181613854334135,-0.3733944379379481,0.6617908546288239,-0.39638694285633014,-0.698338622402644,-3.2005333176455038,Salteñería El Hornito
-0.7064842187969764,0.3881333268653032,-1.3056806970841244,0.32564475324860603,-0.5791100427926532,-3.2005333176455038,"Salteñería ""El Hornito"""
0.8749584389172279,-0.0928621571239145,-1.1345962143264765,0.08496752121362659,0.5287627596868774,-1.2897896599385599,Paceña La Salteña
0.9169823144829464,-0.31835291642615604,-1.0490539729476527,-1.118418638961264,-0.326456244993263,0.014470627478640771,Salteñas Diablo
-1.3140495591489225,1.4980332117711233,-0.17224599881470845,0.5663219852835834,0.3414025563314237,-3.2005333176455038,Salteñas Hornito
-1.2271621385185594,1.505260122556184,-0.6213427660535336,0.32564475324860603,-0.27383592345245156,-1.2897896599385599,La Nacional Salteñas - Sur
0.27320175837540633,-0.4499057742539973,0.8542608977311776,0.08496752121362659,0.4977458737308915,-1.2897896599385599,Paceña La Salteña
0.6187631334107337,-0.5387020629886772,-0.6641138867429455,-0.8777414069262858,-0.7175405087591642,-3.2005333176455038,Salteñas Chuquisaqueñas
-1.354327603751359,1.4431508733164302,0.7259475356629418,0.32564475324860603,0.9685326936901054,-1.2897896599385599,Paceña La Salteña
-0.7942445549090762,0.5332923564845101,-1.3698373781182422,-1.118418638961264,-0.2924281220225684,-1.9948907702782201,Salteñas Diablo
-1.3028686972694463,1.2663303336726157,-0.3647160419170621,-0.6370641748913074,-2.303388425352829,0.014470627478640771,Salteñeria Chuquisaqueña
-0.08450499626296061,-0.587030039074652,-1.2629095763947122,1.2883536813885172,-1.7668039308906198,0.014470627478640771,Salteñeria Jomiman
0.2346803214709108,-0.40893205539842303,0.7687186563523537,-0.39638694285633014,-1.8285035826102194,-3.2005333176455038,Salteñería Chuquisaqueña
0.4876210532060674,-0.6138364658625439,-0.42887272295117995,0.08496752121362659,-3.11520942611298,0.014470627478640771,Salteñas Diablo
0.7460794729241667,-0.6016828394654404,-0.4502582832958859,-0.8777414069262858,2.3573992484460087,0.014470627478640771,Mercado Camacho
0.6994108248572422,-0.2223933901288027,-0.963511731568829,-1.5997731030312197,1.0531369226869438,0.014470627478640771,Mercado Miraflores
0.7623954487175769,-0.8912010038433026,0.9611886994547074,-1.118418638961264,2.0712960859446192,0.014470627478640771,Mercado Rodríguez
0.9309381854554998,-0.5208536627301729,-0.8565839298452991,-1.5997731030312197,1.4731138735662528,0.014470627478640771,Mercado Yungas
1.0431563201560135,-0.8412135443888933,1.217815423591179,-1.840450335066198,0.8818145485102526,0.014470627478640771,Mercado Lanza
1.026360779684534,0.5342792914377328,-1.498150740186478,-1.5997731030312197,0.16325483436352137,0.014470627478640771,Mercado Nuestra Señora De La Paz
-0.6811535047268258,0.42816388610797523,-1.3056806970841244,-0.8777414069262858,0.06935736619275566,0.014470627478640771,Mercado San Antonio
0.27162296679445924,-0.5363700312050311,0.597634173594706,-1.118418638961264,-0.2692786625857035,0.014470627478640771,Mercado sopocachi
1.2642949088487896,-0.25609642285843015,-1.3912229384629482,-1.5997731030312197,0.983687829535584,0.014470627478640771,Mercado Haití
-0.06443332855159106,-0.9485387409513599,-1.4126084988076542,-1.5997731030312197,0.865044975630943,0.014470627478640771,Mercado Strongest
1.0182081801548712,-1.2539075582235926,-1.3056806970841244,-1.840450335066198,0.8663521303387319,0.014470627478640771,Mercado Calatayud
1.0297123440647409,-0.021424780747880255,-1.3270662574288303,-1.5997731030312197,1.311401669932303,0.014470627478640771,Mercado Kollasuyo
1.8256334472418176,-0.20219306020345465,-1.4126084988076542,-1.840450335066198,1.9155067342842493,0.014470627478640771,Mercado Villa Fátima La Paz
2.016624121613477,-0.29776656758803544,-1.455379619497066,-2.0811275671011766,0.1740001829233096,0.014470627478640771,Mercado Las Delicias
-1.444200179794239,1.7348578047272845,-1.3912229384629482,-1.118418638961264,0.5345437056059857,0.014470627478640771,Mercado Los Pinos
0.1414885112506528,-0.44378120613837235,0.8114897770417657,0.5663219852835834,-0.16935949543332904,0.014470627478640771,La Huerta
0.09791278593977355,-1.8568969574713794,-1.476765179841772,-1.840450335066198,0.3477678914584956,0.014470627478640771,Mercado Palenque
1.4189733768557944,-0.9596059429849072,-1.4126084988076542,0.08496752121362659,-2.303388425352829,0.014470627478640771,Mercado Antofagasta
1.1779032179981972,-1.6808962105707486,-1.455379619497066,-2.562482031171132,-0.6026946421531122,0.014470627478640771,Mercado Bajo Mariscal Santa Cruz
-0.505304142105382,0.4780916519156189,-1.4126084988076542,-1.118418638961264,0.053877916944267426,0.014470627478640771,Mercado Corazón De Jesús
1.3210613569938223,-0.8354710156098538,-1.3484518177735363,-1.840450335066198,-0.8361397437992402,0.014470627478640771,Mercado Calama
-1.5032782374557898,1.4257362468877717,0.7473330960076477,0.8069992173185606,-1.2790481290296047,0.014470627478640771,La Huerta - Mercado Saludable
1.5481271495745272,-0.8350014255920618,-1.4126084988076542,-1.840450335066198,-0.2647565932736636,0.014470627478640771,Mercado Maracaná
1.361193915682668,-1.6897826047242437,-1.455379619497066,-2.321804799136155,-0.43623550187591664,0.014470627478640771,Mercado San José De Munaypata
-0.8847260164424889,1.7014174240412767,-0.942126171224123,-1.118418638961264,1.6409445750099616,0.014470627478640771,Mercado Achumani
0.9327810070278422,-0.0033813812443305932,-1.3270662574288303,-1.5997731030312197,-1.050154838556014,0.014470627478640771,Mercado Modelo Teofilo Miranda
0.9243374356711892,0.2804221113894985,-1.476765179841772,-1.3590958709962415,0.5537827037256251,0.014470627478640771,Alto San Antonio
-0.5493648204615642,1.1485985447626865,-1.455379619497066,-0.8777414069262858,1.1349409567660167,0.014470627478640771,Mercado Modelo De Irpavi
0.9845147202354266,-0.9065979850251952,1.2605865442805908,-0.39638694285633014,2.2648462650019696,0.014470627478640771,Mercado de las Brujas
0.8842048769825349,-1.1214234795125415,-1.3698373781182422,-1.5997731030312197,-1.1638535841959592,0.014470627478640771,Mercado Vicente Ochoa
-0.8321032226516577,0.5470059768397144,-1.3698373781182422,-2.0811275671011766,1.0169225664386614,0.014470627478640771,Mercado Obrajes
0.0313017909733689,-0.9975512041816734,-1.4126084988076542,-2.0811275671011766,0.548189489611505,0.014470627478640771,Mercado Bolívar
0.9128494368628297,-0.8958451695290934,1.175044302901767,0.08496752121362659,1.3861149676168474,-0.3305287819036897,Café del Mundo
0.691834780615092,0.46599771916528104,-1.476765179841772,-1.3590958709962415,0.8591264012832133,0.014470627478640771,Mercado 10 de enero
0.5015284288740904,-0.5024600605012314,-0.10808931778059057,-1.5997731030312197,0.07945425538681265,0.014470627478640771,Supermercado Chinbol
0.9555037513874419,-0.6528084577766663,-0.4502582832958859,-1.118418638961264,0.5702487856834442,0.014470627478640771,Supermercado Fidalga - Comercio
-0.7440195845093561,-0.29982002902218213,-1.498150740186478,-1.3590958709962415,-0.21305199524383084,0.014470627478640771,"Mercado Popular ""Raul Salmón"""
0.9173864420206989,-1.0965869430543425,-1.3270662574288303,-2.321804799136155,-0.8482145028412975,0.014470627478640771,Mercado Uruguay
0.26448876866012405,-0.4671771359314363,0.8542608977311776,-0.8777414069262858,1.600442605873835,0.014470627478640771,Hipermaxi Sopocachi
0.3241541583432722,-1.6148312623662953,-1.498150740186478,-1.840450335066198,0.20711741987546392,0.014470627478640771,Mercado Las Rieles El Alto
-0.011815923127993755,-0.406385126487665,-0.4930294039852978,-1.118418638961264,-2.0659460039815243,0.014470627478640771,Mercado El Carmen
0.11000428187124044,-1.705072137342863,-1.476765179841772,-2.321804799136155,-0.4302292434191643,0.014470627478640771,Mercado Villa Dolores
0.1614362465171754,0.30930985664710914,-1.498150740186478,-2.562482031171132,-0.16175412794043476,0.014470627478640771,Mercado Bajo San Isidro
0.8468742692225527,-1.2782267497469264,-1.3698373781182422,-2.0811275671011766,-0.7579430838158833,0.014470627478640771,Mercado Los Andes
-1.2760507938599839,1.4894293675438801,-0.5785716453641216,1.769708145458474,-2.303388425352829,0.014470627478640771,Cinco Market
0.5950273760230402,-1.1284514114763697,-1.455379619497066,-2.562482031171132,1.2376371537387494,0.014470627478640771,Mercado Félix Hinojosa
-0.4596808372695715,-1.0878995277220798,-1.476765179841772,-1.840450335066198,-0.0008914164245583685,0.014470627478640771,Mercado Km 7
1.2220016149246333,-1.3800402329627797,-1.3912229384629482,-0.39638694285633014,-1.6131620884960238,0.014470627478640771,super mercado Roxana
0.21888162892582358,-1.175466127341984,-1.498150740186478,-1.840450335066198,-0.8605434859229213,0.014470627478640771,Mercado San Cristóbal
0.7496842905614926,-0.3032504238990768,-0.9848972919135349,1.04767644935354,-1.7668039308906198,0.014470627478640771,MERCADON
2.10086046559561,-1.3355207115140977,-1.498150740186478,-1.840450335066198,-0.09404050741239411,0.014470627478640771,Mercado Virgen de las Nieves
1.3111305962980488,-1.5871373900360797,-1.455379619497066,-1.5997731030312197,-0.8605434859229213,0.014470627478640771,Mercado Santiago
-1.066949817427102,-0.9683888681513161,-1.498150740186478,-1.3590958709962415,-0.8731376286495293,0.014470627478640771,Mercado el Vergel
-1.2308531700306697,1.605632999106902,-0.963511731568829,-1.118418638961264,0.2645757333842496,0.014470627478640771,Supermercado Chinbol
0.41166662956548666,0.028833289903088543,-1.498150740186478,-0.39638694285633014,-1.33232166320473,0.014470627478640771,Mercado Campesino Zenobio López
0.9446892984754642,-1.0878995277220798,-1.0704395332923586,-1.5997731030312197,-0.4672271282694536,-1.2897896599385599,Comedor Mercado Uruguay
0.2135363686924496,-0.46894406786314397,0.8114897770417657,-1.118418638961264,1.1528234169557858,0.014470627478640771,Fidalga
0.7430134920040992,-0.6140115672249571,-0.38610160226176804,-0.8777414069262858,1.099206687772239,0.014470627478640771,Salchirich
1.4373800391116238,-1.3793079909008024,-1.476765179841772,-0.39638694285633014,-1.0006376037638647,0.014470627478640771,Mercado Popular Pura Pura
-0.42060978691354123,-1.1801620275216005,-1.476765179841772,-1.5997731030312197,-2.0659460039815243,0.014470627478640771,Mercado 4 De Abril
0.3341226376092997,-0.38770897433247153,0.7687186563523537,0.32564475324860603,0.91578113572027,-1.2897896599385599,Pizza Nostra
-1.517746003309624,1.4739886110211016,0.19130852704529286,0.5663219852835834,1.232069862220471,1.4872086702266105,Fellini Pizza y Gelato
1.0001733152339654,-0.9413158097430518,1.0681165011782372,0.08496752121362659,0.7927076703595034,-0.3305287819036897,Mozzarella Pizza
0.26483901252630376,-0.30284848668042463,0.19130852704529286,-0.39638694285633014,-1.050154838556014,0.014470627478640771,Mozzarella Pizza
-1.570293359959947,1.4422952643853002,0.127151846011175,-0.39638694285633014,-0.13228350387189453,1.1679926760602728,Tutto Pasta
0.9409767134948014,-0.9078993065158635,1.196429863246473,1.5290309134234967,0.6866791105925559,0.30697831859800245,Pizzería Bella Ciao
0.11877654362532929,-0.5201612164323289,0.44793525118176436,0.8069992173185606,-0.19678414177303652,0.30697831859800245,La Torre de Pizza
0.997802433678832,-0.9503414890710138,1.0253453804888253,-0.39638694285633014,-0.04252554833044398,-0.3305287819036897,Martinni Pizza - Pasta
-1.5578947270997883,1.4535534860871402,0.14853740635588095,0.32564475324860603,-0.31163000837908855,0.014470627478640771,Cozzolisi
-1.2867790328971773,1.1467281438438928,-0.6641138867429455,1.769708145458474,-1.5697640845760348,-0.7510710612835745,PIZZA DE ALTURA
0.951882768648606,-0.9309609518894151,1.110887621867649,0.08496752121362659,-0.28772444158612565,-0.3305287819036897,Pizzería italy in Bolivia
-1.646851280723635,1.4768459468931179,-0.043932636746472686,0.5663219852835834,-0.43623550187591664,0.014470627478640771,Circus Pizzeria
0.8404243937190669,-0.1913168778387656,-0.877969490190005,-0.39638694285633014,0.9247127536859046,0.5608781900995343,Mr. Pizza
0.8590519790288039,-0.8278541063358333,1.5813699494511801,0.32564475324860603,0.5967033770396917,0.5608781900995343,DT Brew House
0.30915294413960503,-0.4379511266781263,0.8542608977311776,-0.39638694285633014,-0.5638986663645679,0.30697831859800245,Pizza Steve
0.9828389380452275,-0.9043336060401235,1.2605865442805908,0.08496752121362659,1.1836210626367794,-0.3305287819036897,The Carrot Tree Centro
0.053932933091141916,-0.3377254944548149,-0.23640267984882632,0.8069992173185606,0.5205723455329637,0.30697831859800245,Efímera
-1.521199946666125,1.4167304654413109,0.7259475356629418,-0.39638694285633014,0.20307874824080105,-0.3305287819036897,Pizza Río San Miguel
-0.5991317796517677,0.28487525740756214,-1.3912229384629482,0.32564475324860603,0.664066066935566,-1.2897896599385599,La Pizza Nostra
0.23033190916392898,-0.40439931785265815,0.7901042166970598,-0.8777414069262858,-0.030325001495841036,-0.3305287819036897,Mr. Pizza
0.22605354563041283,-0.5302534222417805,0.6617908546288239,1.04767644935354,-0.3520325834358082,-1.2897896599385599,Restaurante Vegetariano Armonia
0.9917459089788224,-0.8808541051426056,1.2392009839358848,0.8069992173185606,1.1560169085288097,0.7851836876031707,Popular Cocina Boliviana
0.9770949386411435,-0.9023318790992371,1.2392009839358848,0.5663219852835834,0.2754205815731861,0.014470627478640771,The Lucky Llama Irish Bar
0.9097619024738269,-0.1915357545420648,-0.9848972919135349,-0.39638694285633014,-0.0363935020811466,-0.7510710612835745,Pizza Río Miraflores
0.4343085484175359,-1.8604586783703665,-1.476765179841772,0.8069992173185606,-1.3050793063811845,-1.2897896599385599,MEGA PIZZA JUANKY - CEJA EL ALTO
0.5592647831101117,-0.6290066111881976,-0.5571860850194157,1.2883536813885172,-0.17706493642002716,-0.3305287819036897,Demente
0.07298619940737534,-0.4071770621958423,0.3837785701476465,1.5290309134234967,-1.1234510091392396,0.30697831859800245,PIZZA LA ROMA SOPOCACHI
-1.650116631229249,1.472154026290254,-0.0867037574358846,0.32564475324860603,0.9067111805475411,1.1679926760602728,Muela del Diablo Bar
-1.436290056787419,1.0687125276397555,-0.920740610879417,0.32564475324860603,-0.4484360487105196,-0.3305287819036897,Pomodoro Rosso Calle 10 de Calacoto
-1.0967151576790186,1.737193816087683,-1.0062828522582408,0.32564475324860603,-0.04252554833044398,0.9860792043722097,Carbón & Sal
-1.5795020794549999,1.4362224307629357,0.127151846011175,1.2883536813885172,-1.2072515881159482,0.7851836876031707,Da Gloria Pasta
1.045414046000576,-0.2998996205504489,-1.0918250936370646,1.769708145458474,-2.4718565043616,0.014470627478640771,METRO PIZZA
-1.5165336206961753,1.423925539615178,0.7045619753182358,0.8069992173185606,0.2807686102124804,-0.7510710612835745,Pizza Nostra
-0.7625609559443088,1.785836178710538,-1.3270662574288303,0.5663219852835834,-2.1727144312706956,0.7851836876031707,Pizza Steve - Achumani
0.8458343143586726,-0.8524558477848537,1.5172132684170623,0.08496752121362659,0.8341457984109966,0.7851836876031707,The English Pub
0.8431293540388697,-0.8471351541070986,1.5172132684170623,1.2883536813885172,0.33334733900737135,-1.2897896599385599,Cafe Vida Vegan & Healthy Restaurant La Paz
-1.5861351594423307,1.403096436614939,0.3196218891135286,0.8069992173185606,-1.4915674245926782,0.30697831859800245,Kisu
0.8988774007887663,-0.19159942776445202,-0.9848972919135349,-0.15570971082135068,0.3800959581472858,-1.2897896599385599,Don Carleone
0.9106725365258176,-0.8961396581844723,1.175044302901767,0.32564475324860603,0.5702487856834442,0.014470627478640771,Bolivian Green Kitchen
1.3959812141377568,-0.9532266819780368,-1.3912229384629482,0.32564475324860603,0.11111629406415227,-0.3305287819036897,Lobos Pizzería
0.3175264667231753,-0.5144744017233025,0.640405294284118,0.08496752121362659,0.7978672197355219,0.30697831859800245,Il Falco
0.9413754526655115,-0.4689400882869568,-1.1345962143264765,1.04767644935354,-1.050154838556014,-1.2897896599385599,Pizza Time
0.9073856325514598,-0.8811724712562383,1.196429863246473,0.5663219852835834,-0.7684948119189753,0.30697831859800245,La Choperia Antique - Pub
0.4343085484175359,-1.8604586783703665,-1.476765179841772,0.8069992173185606,-1.3050793063811845,-1.2897896599385599,MEGA PIZZA JUANKY - CEJA EL ALTO
1.045414046000576,-0.2998996205504489,-1.0918250936370646,1.769708145458474,-2.4718565043616,0.014470627478640771,METRO PIZZA
-0.6714490554520023,1.116180915217848,-1.455379619497066,1.2883536813885172,-1.3608934305105445,0.014470627478640771,Chessy pizza
-1.5861351594423307,1.403096436614939,0.3196218891135286,0.8069992173185606,-1.4915674245926782,0.30697831859800245,Kisu
-1.0967151576790186,1.737193816087683,-1.0062828522582408,0.32564475324860603,-0.04252554833044398,0.9860792043722097,Carbón & Sal
0.9756993515438499,-0.7295824461369007,1.4958277080723563,-0.8777414069262858,0.10155518264392145,-1.2897896599385599,Pizzería Torino
0.5140887127493501,-0.19169095802241126,-1.2842951367394182,-0.39638694285633014,-0.2924281220225684,-1.2897896599385599,GALAXY PIZZA
0.7244236252644247,-0.6671150350188155,-0.407487162606474,-1.118418638961264,0.8709043303428595,-0.3305287819036897,Eli's Pizza
0.8458343143586726,-0.8524558477848537,1.5172132684170623,0.08496752121362659,0.8341457984109966,0.7851836876031707,The English Pub
-1.4234064708819576,1.2846005690324043,0.23407964773470477,0.8069992173185606,1.2441802951723167,0.7851836876031707,El Bosque Boulevard
-1.5795020794549999,1.4362224307629357,0.127151846011175,1.2883536813885172,-1.2072515881159482,0.7851836876031707,Da Gloria Pasta
0.8742795046536125,-0.6820304874537891,0.4265496908370584,-0.8777414069262858,0.3800959581472858,-1.2897896599385599,Mr. Pizza
-1.3995683345179697,1.2528913040907235,-0.0867037574358846,-0.15570971082135068,-0.3572846820124843,1.1679926760602728,Rosmarino
-0.7741297802602187,1.790571874654288,-1.3270662574288303,-0.6370641748913074,0.4177964286438709,-0.3305287819036897,Mr Pizza
0.910198360214791,-0.6758820418793449,0.3410074494582346,0.08496752121362659,0.8159317324576082,2.740154882697466,Ali Pacha
-1.493347476759825,1.403040722544926,0.8328753373864717,-0.8777414069262858,0.8444018410415384,0.5608781900995343,Mr. Pizza
-1.5643230491345301,1.4540469535637515,0.14853740635588095,0.32564475324860603,0.35249689480973123,0.7851836876031707,Propiedad Pública
0.9770949386411435,-0.9023318790992371,1.2392009839358848,0.5663219852835834,0.2754205815731861,0.014470627478640771,The Lucky Llama Irish Bar
0.8458343143586726,-0.8524558477848537,1.5172132684170623,0.08496752121362659,0.8341457984109966,0.7851836876031707,The English Pub
-1.4496963143086292,1.3227965435436633,0.597634173594706,-0.39638694285633014,0.3168966767581171,-0.3305287819036897,Moe's Bar LPZ
0.9279745835115353,-0.8880213222809007,1.175044302901767,0.32564475324860603,0.11583894115914252,-0.3305287819036897,The Witches Pub
0.9443821615467723,-0.849252288764198,1.3888999063488265,-0.39638694285633014,0.36184185480381437,0.5608781900995343,The English Lion's
0.8590519790288039,-0.8278541063358333,1.5813699494511801,0.32564475324860603,0.5967033770396917,0.5608781900995343,DT Brew House
0.28402698802185183,-0.47985208683959213,0.8970320184205895,-0.6370641748913074,1.2806887482632823,0.7851836876031707,Malegría Bar&Discoteca
-1.2893385073033894,1.362759449987761,0.020224044287645192,0.08496752121362659,-0.4608962010313391,1.1679926760602728,Cielo Bar
0.8843395861616581,-0.5720628521458526,-0.5358005246747097,0.8069992173185606,1.113934218585251,0.5608781900995343,Hb Bronze Coffeebar
-1.5407543311291716,1.5218111809007726,0.14853740635588095,-0.39638694285633014,0.6190341787122914,0.9860792043722097,ALIVE ROCKERS MUSIC BAR
-0.16155325843937696,-0.516165721703496,-1.2842951367394182,0.5663219852835834,0.029863410505200846,0.014470627478640771,La Costilla de Adan
0.1323660056303842,-0.4019558579284207,0.7259475356629418,0.5663219852835834,0.8396380315500555,-0.3305287819036897,Beer Station
0.29190478082565147,-0.4513105647311862,0.8756464580758836,-0.6370641748913074,0.6190341787122914,-0.3305287819036897,Ciclik
0.8851155110343342,-0.8692695581741932,1.175044302901767,-0.8777414069262858,-0.4800980873878592,0.30697831859800245,LaTrovería
0.6837522298587034,-0.7541881671626738,-0.1294748781252965,0.32564475324860603,-0.3733296600986879,1.1679926760602728,Cholahuasi
0.30069320768125046,-0.45874043391366653,0.9184175787652955,0.08496752121362659,1.003130968019319,-0.3305287819036897,Diesel Nacional Pub
0.17528435014639185,-0.5070723895758286,0.7473330960076477,0.08496752121362659,-0.698338622402644,0.30697831859800245,Achachila Lounge Bar
0.8570205646053827,-0.8362112168247708,1.5599843891064742,0.8069992173185606,0.7441042538010729,0.014470627478640771,YATI Restaurant café bar
-1.6308909371636384,0.9851493819016244,-1.2415240160500063,0.08496752121362659,-0.8991688060011093,1.1679926760602728,WU BAR
0.9501477144196003,-0.8402186502832963,1.5172132684170623,0.5663219852835834,0.8375844757369139,0.5608781900995343,Café Restaurante Banais
0.24911036875449077,-0.37885839636692276,0.7045619753182358,0.08496752121362659,0.6981016270582465,0.30697831859800245,Beef & Beer
-0.4884493295947132,-0.19009116830017697,-1.498150740186478,0.08496752121362659,-0.24265566601655425,0.014470627478640771,Le Club
0.3987345483553033,-0.5492399813582324,0.127151846011175,0.08496752121362659,-0.06450794404865141,0.014470627478640771,Matheus Pub
-1.4691213779595949,1.403426741458264,0.8756464580758836,-0.15570971082135068,0.4571682560586276,0.9860792043722097,Backstage Bar & Karaoke
-1.6308909371636384,0.9851493819016244,-1.2415240160500063,0.08496752121362659,-0.8991688060011093,1.1679926760602728,WU BAR
-1.3325478236465786,1.0458299632053698,-1.1773673350158884,1.5290309134234967,-1.1638535841959592,0.5608781900995343,Punku Bar
0.26442410825408363,-0.4982894644094197,0.7901042166970598,-0.6370641748913074,0.4940589461317653,0.7851836876031707,Mato's
0.7988585293628649,-0.7937889321516872,1.68829775117471,-0.6370641748913074,-0.027314171902358624,-0.3305287819036897,La Luna Espacio Cultural
-1.4234064708819576,1.2846005690324043,0.23407964773470477,0.8069992173185606,1.2441802951723167,0.7851836876031707,El Bosque Boulevard
1.0756643392979872,-0.6400937111038115,-0.920740610879417,-0.6370641748913074,-0.8361397437992402,0.30697831859800245,Rock City Bar
0.9071808745990624,-0.8912805953715693,1.175044302901767,0.5663219852835834,-0.4800980873878592,-0.3305287819036897,Catch Your Breath Coffee BAR
1.1697128998984718,-0.7976172846710469,-0.4930294039852978,1.04767644935354,-0.9698091667446436,0.014470627478640771,Radio-Bar
1.2075446258050755,-0.849717899205803,-0.7496561281217693,-0.15570971082135068,0.08938000260085617,0.7851836876031707,Calderas Pub-Club
0.26918203646605177,-0.4089201166692961,0.8542608977311776,-0.39638694285633014,0.5391277217013367,-0.3305287819036897,Pueblo Viejo
1.0248089299391818,-0.4310027862425649,-1.2201384557053003,0.8069992173185606,-1.1234510091392396,0.014470627478640771,La Birrería Pub
-1.4151514923761919,1.2847517929359982,0.1699229667005869,-0.15570971082135068,0.558219126958398,0.014470627478640771,Hard Rock Cafe La Paz
0.14607940008028605,-0.4986595650168782,0.7045619753182358,-1.118418638961264,-0.20486158108991726,0.30697831859800245,Green Bar
-1.2501920198070424,1.3661022941828835,-0.23640267984882632,0.5663219852835834,0.31522590510853477,0.9860792043722097,La Catrina
0.9000035695274307,-0.8061335782170834,1.5813699494511801,-0.8777414069262858,0.26274857100975774,-0.3305287819036897,OPEN MIND CLUB
-0.9984205637478467,1.1657942944886115,-1.3912229384629482,-0.6370641748913074,0.9012010033610068,0.7851836876031707,The Dubliner
0.3176611759022985,-0.5411932778299878,0.5548630529052941,0.08496752121362659,0.8437236648615831,-0.3305287819036897,Equinoccio
0.9828389380452275,-0.9043336060401235,1.2605865442805908,0.08496752121362659,1.1836210626367794,-0.3305287819036897,The Carrot Tree Centro
0.9073856325514598,-0.8811724712562383,1.196429863246473,0.5663219852835834,-0.7684948119189753,0.30697831859800245,La Choperia Antique - Pub
-1.4094452115421703,1.2559396596310328,-0.022547076401766727,-0.6370641748913074,-0.7901863682639622,0.7851836876031707,BierHaus Prost
0.9080968970180955,-0.8814152254183569,1.196429863246473,0.5663219852835834,-1.1851506608588391,0.014470627478640771,La t
0.3634569084876777,-0.5476561099413121,0.36239300980294054,0.5663219852835834,0.09183537335081592,0.014470627478640771,El Bestiario
-1.4466411101226466,1.4667258840486601,0.640405294284118,1.04767644935354,-1.0166825818500684,0.7851836876031707,Muu resto bar
0.2955311519315299,-0.4864183879385681,0.8328753373864717,-0.39638694285633014,-0.8361397437992402,0.014470627478640771,MORA Bar&Disco
-0.05175988896556927,-0.13896157041276405,-1.455379619497066,0.32564475324860603,0.07189795614699006,0.5608781900995343,Centro Cultural Thelonious
0.9128494368628297,-0.8958451695290934,1.175044302901767,0.08496752121362659,1.3861149676168474,-0.3305287819036897,Café del Mundo
0.9945532482747282,-0.8823305279956871,1.2392009839358848,0.5663219852835834,0.013288575798915651,-1.2897896599385599,Café con Pan
1.172223878999962,-0.8333976562936404,-0.5144149643300038,-0.39638694285633014,0.6713976815217716,1.6289528361607486,Roots
0.9147407537397025,-0.4525919883397878,-1.1345962143264765,-0.39638694285633014,-0.4242839632584996,0.9860792043722097,Altura Resto Bar
-1.4151514923761919,1.2847517929359982,0.1699229667005869,-0.15570971082135068,0.558219126958398,0.014470627478640771,Hard Rock Cafe La Paz
1.1145414084358962,-0.952522296951066,0.29823632876882267,-0.6370641748913074,-0.8013410877358726,0.014470627478640771,Karaoke
1.0053461477179622,-0.6326519031922043,-0.7924272488111812,-1.3590958709962415,-0.7579430838158833,0.014470627478640771,Ajayu Pub
0.35113910113506946,-0.421169252900546,0.8542608977311776,-2.321804799136155,0.4915880350146361,-0.3305287819036897,New Pa'Goza
0.9075850021368148,-0.8906080469563578,1.175044302901767,1.2883536813885172,-0.21305199524383084,-1.2897896599385599,Restaurante Cafeteria Sabor Urbano
0.9940144115576612,-0.9057622739761317,1.2392009839358848,-0.8777414069262858,-1.4915674245926782,0.014470627478640771,Colonial Cafe - Pub
-1.650116631229249,1.472154026290254,-0.0867037574358846,0.32564475324860603,0.9067111805475411,1.1679926760602728,Muela del Diablo Bar
-1.5084133513695326,1.4344952945953613,0.7045619753182358,0.5663219852835834,-0.1358872387273835,-0.3305287819036897,Gelateria Gigibontá
0.7306418009797268,-0.670955326267302,-0.3005593608829442,-0.8777414069262858,1.9761388963300333,-0.3305287819036897,Brosso
0.607285911336842,-0.7719490167399715,-0.920740610879417,0.5663219852835834,0.1589008732960526,-3.2861852769462616,Helados Splendid
-1.5668986886422522,1.4954186300612253,0.08438072532176306,0.8069992173185606,-0.009567205712718057,0.014470627478640771,La Crèmerie
0.26362662991285507,-0.5097586036616191,0.7901042166970598,0.8069992173185606,-1.33232166320473,0.014470627478640771,Heladería La Paletta
0.6804814909860472,-0.6466042981327745,-0.407487162606474,-0.8777414069262858,1.622391648482642,0.5608781900995343,Dumbo
-1.2179049237191677,1.467772512648083,-0.6427283263982395,1.5290309134234967,-1.5293615095193152,0.014470627478640771,Moyabaya - Heladería Artesanal
-1.3729605774281386,1.285273117447616,0.04160960463235115,0.32564475324860603,-1.050154838556014,0.014470627478640771,Helados Splendid
-1.4928140284099918,1.4025870508330134,0.8328753373864717,1.769708145458474,-1.2072515881159482,0.014470627478640771,LOVER ARTEHELADO
0.9636779043856573,-1.2928397543735815,-1.3484518177735363,-0.6370641748913074,0.10635525104304497,-3.2005333176455038,"""Palacio"" De Los Helados"
0.5716957461732907,-0.7283726549041917,-0.8138128091558872,0.32564475324860603,-0.4242839632584996,0.014470627478640771,La Barra de Chocolate
0.5956955335523796,-0.19499400645396595,-1.2415240160500063,-1.118418638961264,-0.5947271033837888,0.014470627478640771,Heladería Bits & Cream Miraflores
0.8739023189516464,-0.3202631131090832,-0.9848972919135349,-0.15570971082135068,0.36184185480381437,-3.2861852769462616,Heladería Frigo
0.6065530934016538,-1.0929933855441616,-1.455379619497066,-0.8777414069262858,-1.4560653389360896,0.014470627478640771,"El ""Palacio"" de Los Helados"
-1.403905970090484,1.5596370548051386,-0.0867037574358846,1.04767644935354,-1.050154838556014,0.014470627478640771,Heladeria Sandra
-1.436295445154653,1.457779796248965,0.7473330960076477,1.04767644935354,-1.9756745849561101,0.014470627478640771,Popsy Bolivia
0.14185492021815116,-0.41163418779009314,0.7901042166970598,1.04767644935354,-1.422593082230144,0.014470627478640771,Heladeria Sandra (Sucre)
0.053695844935532866,-0.9815334090778295,-1.4126084988076542,1.769708145458474,-2.1727144312706956,0.014470627478640771,Nice Cream - Helados artesanales
-1.3587029578941272,1.4022010319196754,0.7473330960076477,1.769708145458474,-1.050154838556014,0.014470627478640771,Belle Creme Gelato Bar
0.47482368117519863,-0.816568027598987,-1.3912229384629482,-0.15570971082135068,-0.9126315843370838,-3.2861852769462616,HELADOS DE CANELA
-0.30489460191903844,1.188171452717259,-1.476765179841772,1.2883536813885172,-2.0659460039815243,0.014470627478640771,Heladería Irpavi - Sucursal Irpavi
-1.3729605774281386,1.285273117447616,0.04160960463235115,0.32564475324860603,-1.050154838556014,0.014470627478640771,Helados Splendid
-1.3584604813712844,1.6160276527246722,-0.8565839298452991,1.04767644935354,-1.8974779249727538,0.014470627478640771,Michoacan Paletería Mexicana
0.46063611041427016,-0.20355407534032302,-1.2201384557053003,-3.043836495241089,-2.7092989257329045,0.014470627478640771,Milky Way Heladeria
1.0360167336546358,-1.3855439871564532,-1.3484518177735363,0.08496752121362659,-1.7668039308906198,0.014470627478640771,Mercado de Helados Tradicionales
0.9476044051148983,-0.6443558374535825,-0.5571860850194157,1.04767644935354,-1.422593082230144,0.014470627478640771,"Ice Cream Power Rolls (helados a la plancha, cafetería y repostería)"
1.0365663471061706,-1.3947527270003337,-1.3698373781182422,-0.6370641748913074,-2.0659460039815243,0.014470627478640771,Helados de Canela
0.9585535672061908,-0.22083737574745446,-1.0276684126029467,-4.728577119485936,-2.303388425352829,0.014470627478640771,Fratier Bolivia La Paz
-1.5639566401670317,1.5239641317458184,0.08438072532176306,1.769708145458474,-1.9756745849561101,0.014470627478640771,Combinados
0.053695844935532866,-0.9815334090778295,-1.4126084988076542,1.769708145458474,-2.1727144312706956,0.014470627478640771,Nice Cream - Helados artesanales
0.8739023189516464,-0.3202631131090832,-0.9848972919135349,-0.15570971082135068,0.36184185480381437,-3.2861852769462616,Heladería Frigo
-0.9332105442459695,1.6721516190238332,-0.942126171224123,0.08496752121362659,-3.11520942611298,0.014470627478640771,Heladería Irpavi - Achumani Calle 15
-1.638574748749317,1.5208918987472553,-0.10808931778059057,0.8069992173185606,-1.7668039308906198,0.014470627478640771,Deli Gelato
-1.6790413862024494,1.6507733344775353,-1.2842951367394182,0.5663219852835834,-2.4718565043616,0.014470627478640771,Ohlala
-0.2582852258909205,-1.600934581495738,-1.498150740186478,1.2883536813885172,-1.9756745849561101,0.014470627478640771,HELADOS A LA PLANCHA JH2O
0.8934189848446302,-0.02594955914127091,-1.2415240160500063,-1.840450335066198,-1.6600355036014487,0.014470627478640771,Dolce Bolivia
-1.0977066172383685,1.6428858140063898,-0.942126171224123,0.32564475324860603,-1.0006376037638647,0.014470627478640771,Heladeria Frigo
-1.0652902003384128,1.6241499682049962,-0.942126171224123,-0.15570971082135068,-0.8361397437992402,0.014470627478640771,Vaca Fría
0.791368698995499,-0.3524738046803152,-1.0062828522582408,1.2883536813885172,-2.0659460039815243,0.014470627478640771,Heladeria City Rolls
0.668179848734949,-1.1585290500840573,-1.4126084988076542,1.769708145458474,-1.8285035826102194,0.014470627478640771,Heladería ARTICE
-0.12289172398833297,-1.9821103500570492,-1.498150740186478,-1.118418638961264,-0.6189624956239065,0.014470627478640771,Biancopuro Gelato
0.9109311781499791,-0.8772605476318592,1.196429863246473,0.08496752121362659,-3.11520942611298,0.014470627478640771,No hay ninguna tienda de Helados Panda
0.20218307906340477,-0.45923788096646506,0.8756464580758836,-0.6370641748913074,-2.1727144312706956,0.014470627478640771,Koala Frost
-0.9921161741579517,1.1567526968542043,-1.3912229384629482,-0.15570971082135068,-0.9698091667446436,0.014470627478640771,Yogen Früz
0.24714900310434376,-0.2819278534227918,-0.15086043847000247,-4.006545423381001,-2.0659460039815243,0.014470627478640771,25Hrs FATTAS
0.2650437704787012,-0.3024863452259059,0.19130852704529286,-0.15570971082135068,-1.9756745849561101,0.014470627478640771,Biancopuro Gelato
0.2555171373206802,-0.4254512771323836,0.8756464580758836,-1.5997731030312197,-1.3050793063811845,0.014470627478640771,Dolce 20 de octubre
0.8266894458006124,-0.28673916131862154,-0.8993550505347111,-0.6370641748913074,-2.0659460039815243,0.014470627478640771,Helados de Canela de la Abuelita
1.0365663471061706,-1.3947527270003337,-1.3698373781182422,-0.6370641748913074,-2.0659460039815243,0.014470627478640771,Helados de Canela
-0.8998242212552167,1.724713864424007,-0.963511731568829,-0.8777414069262858,-0.7475781218014239,0.014470627478640771,Agencia Delizia
0.5509128139950941,-0.1983766464137874,-1.2629095763947122,-1.3590958709962415,-1.4915674245926782,0.014470627478640771,Helados de Canela
-0.5580185381380399,-1.5956576631583035,-1.498150740186478,-0.8777414069262858,-0.5275139805922375,0.014470627478640771,MiShirko Heladeria 🍦☁️❤️
1.6001356695077833,-0.22033594911790333,-1.3912229384629482,-1.3590958709962415,-1.33232166320473,0.014470627478640771,Agencia Delizia Plaza Villarroel
0.8851262877686105,-0.8697829235323057,1.175044302901767,0.32564475324860603,0.5756361747923023,-0.3305287819036897,La Grosería
1.0468689051368676,-1.3523861563966975,-1.3484518177735363,-0.6370641748913074,-2.1727144312706956,0.014470627478640771,Helados Panda
-0.949321762086791,1.1425933639400274,-1.3912229384629482,-3.043836495241089,-2.4718565043616,0.014470627478640771,Biancopuro Gelato
0.6894800641614688,0.4961867859129944,-1.476765179841772,1.04767644935354,-1.8974779249727538,0.014470627478640771,"Heladería Bajo Cero Pampahasi , Waly Suma"
-1.0057271896315592,-0.6910641259346909,-1.498150740186478,-0.15570971082135068,0.013288575798915651,0.014470627478640771,Delizia - Centro de Distribución
-1.2810458102273696,1.6141174560411795,-1.0276684126029467,-3.043836495241089,-2.1727144312706956,0.014470627478640771,Agencia Delizia - Calle 23 de Calacoto
-1.4234064708819576,1.2846005690324043,0.23407964773470477,0.8069992173185606,1.2441802951723167,0.7851836876031707,El Bosque Boulevard
0.4715313888337984,-0.5638450268319476,-0.043932636746472686,-0.39638694285633014,-0.9850205431727289,-1.2897896599385599,Don anticucho
-0.053263243406199715,-0.5245188526156808,-1.0276684126029467,0.5663219852835834,-1.2790481290296047,-1.2897896599385599,Anticuchos MARY
0.3744868960863292,-0.5275990447677491,0.5120919322158822,1.769708145458474,-1.6131620884960238,-3.2005333176455038,El Velero Ardiente Anticuchos
0.17721338559351868,-0.6899936198770142,-1.2842951367394182,-0.6370641748913074,-1.2790481290296047,-1.2897896599385599,Tripacucho
0.1670455367421362,-0.48628706191647547,0.7687186563523537,0.32564475324860603,0.6269478811160567,1.1679926760602728,La Rufina Restaurant
0.23084380404520968,-0.4055215584035951,0.7687186563523537,0.5663219852835834,0.8484544874298908,0.7851836876031707,Manq'a Restaurante
-1.5948050422203164,1.442816588896918,0.06299516497705711,-0.15570971082135068,-0.57145496560439,-0.3305287819036897,Corazon en Llamas
-0.795694025678134,-1.7705918835774446,-1.498150740186478,0.5663219852835834,-2.4718565043616,0.014470627478640771,Anticuchos de tOdo Corazón
0.14591236069795124,-0.507736978838666,0.7045619753182358,0.08496752121362659,-3.11520942611298,0.014470627478640771,anticuchos El Tradicional
0.6676625654864344,-0.12059582521882904,-1.1559817746711825,0.32564475324860603,-0.27383592345245156,-0.3305287819036897,Moonlight Restaurant
0.7399528994508827,-0.4510797492987601,-1.0276684126029467,-2.321804799136155,-2.303388425352829,0.014470627478640771,Anticuchos Lidia
-1.3039840892738344,-2.7572403070749134,-1.498150740186478,1.769708145458474,-2.303388425352829,0.014470627478640771,Ricos Anticuchos
0.21751298366450775,-0.34797290374517836,0.5762486132500001,0.5663219852835834,0.12517149032211528,1.1679926760602728,Bodegón Porteño
0.36564458555896606,-0.4698195746763407,0.640405294284118,-0.15570971082135068,1.141914969922323,1.1679926760602728,Churrasquería Sabor Gaucho
0.9332605717061027,-0.8644224340904172,1.196429863246473,0.08496752121362659,-0.10081058357693282,0.30697831859800245,La Boliviana
0.8759175682735575,-0.8227164731734312,1.5599843891064742,-0.15570971082135068,1.2563808420069196,1.6289528361607486,The Steakhouse
-1.4974803543799418,1.9807876685396744,-1.455379619497066,0.08496752121362659,-3.11520942611298,0.014470627478640771,“Sabor de Mamá” sálteñas y anticuchos
-0.8814067822651108,1.841442800074834,-1.2201384557053003,0.32564475324860603,0.44790425391161437,1.6289528361607486,Phayawi Restaurante
-1.0245918630967137,1.7446515423051698,-0.9848972919135349,1.04767644935354,0.0642428789587273,1.760980619179231,ASAU
-1.5252789406144778,1.3648566867627938,0.7901042166970598,0.5663219852835834,0.15230862657832245,0.7851836876031707,La Rufina Calacoto
0.1507187842142582,-0.2959120849745557,-0.3433304815723561,-1.118418638961264,-0.2647565932736636,0.9860792043722097,Churrasquería Sabor Argentino
0.7332928776277656,-0.4397498952215931,-1.0062828522582408,-0.8777414069262858,-1.0166825818500684,0.014470627478640771,Las Velas c
-0.9594680574696209,1.1617908406062731,-1.3912229384629482,-7.135349439835718,-2.303388425352829,0.014470627478640771,Bissonte Grill House Anticuchos
0.9128494368628297,-0.8958451695290934,1.175044302901767,0.08496752121362659,1.3861149676168474,-0.3305287819036897,Café del Mundo
0.8431293540388697,-0.8471351541070986,1.5172132684170623,1.2883536813885172,0.33334733900737135,-1.2897896599385599,Cafe Vida Vegan & Healthy Restaurant La Paz
0.9501477144196003,-0.8402186502832963,1.5172132684170623,0.5663219852835834,0.8375844757369139,0.5608781900995343,Café Restaurante Banais
0.29190478082565147,-0.4513105647311862,0.8756464580758836,-0.6370641748913074,0.6190341787122914,-0.3305287819036897,Ciclik
0.9828389380452275,-0.9043336060401235,1.2605865442805908,0.08496752121362659,1.1836210626367794,-0.3305287819036897,The Carrot Tree Centro
0.8843395861616581,-0.5720628521458526,-0.5358005246747097,0.8069992173185606,1.113934218585251,0.5608781900995343,Hb Bronze Coffeebar
0.18394345618991004,-0.33470897552626483,0.36239300980294054,0.32564475324860603,1.5258029614427635,-0.3305287819036897,Typica Café
-1.4103720106954798,1.2334988281794323,0.04160960463235115,0.5663219852835834,0.31522590510853477,0.014470627478640771,Epico Restaurante
0.835596416734016,-0.6792408043809125,0.3410074494582346,0.5663219852835834,0.9552229147190615,-1.2897896599385599,Paceña La Salteña
0.9075850021368148,-0.8906080469563578,1.175044302901767,1.2883536813885172,-0.21305199524383084,-1.2897896599385599,Restaurante Cafeteria Sabor Urbano
0.2915329834907278,-0.3953577202182511,0.7901042166970598,0.8069992173185606,0.41498101425004685,-0.3305287819036897,Biofilia Café
0.8570205646053827,-0.8362112168247708,1.5599843891064742,0.8069992173185606,0.7441042538010729,0.014470627478640771,YATI Restaurant café bar
0.9551696726227723,-0.6718387922334387,-0.022547076401766727,0.5663219852835834,0.5026259441883628,-1.2897896599385599,The Writer's Coffee
0.9770949386411435,-0.9023318790992371,1.2392009839358848,0.5663219852835834,0.2754205815731861,0.014470627478640771,The Lucky Llama Irish Bar
-1.4377610810250294,1.4521009406923127,0.7901042166970598,-0.39638694285633014,1.519630799304156,0.014470627478640771,Vainilla
0.9106725365258176,-0.8961396581844723,1.175044302901767,0.32564475324860603,0.5702487856834442,0.014470627478640771,Bolivian Green Kitchen
0.584951129413676,-0.6141548319761766,-0.5785716453641216,-0.15570971082135068,1.2499733515042215,-0.3305287819036897,Alexander Coffee
-1.463393543657021,1.4877181496816199,0.40516413049235245,0.32564475324860603,0.8080519123731711,-0.3305287819036897,Roaster Specialty Coffee
-1.5268738972971263,1.4533027727726473,0.29823632876882267,0.32564475324860603,0.24036603515576072,-0.3305287819036897,Typica Café San Miguel
0.9702948192714779,-0.737776393992552,1.5599843891064742,-0.15570971082135068,1.0620848219455283,-0.3305287819036897,Alexander Coffee
0.8851262877686105,-0.8697829235323057,1.175044302901767,0.32564475324860603,0.5756361747923023,-0.3305287819036897,La Grosería
0.8458343143586726,-0.8524558477848537,1.5172132684170623,0.08496752121362659,0.8341457984109966,0.7851836876031707,The English Pub
0.6804814909860472,-0.6466042981327745,-0.407487162606474,-0.8777414069262858,1.622391648482642,0.5608781900995343,Dumbo
0.4961185082344846,-0.5623089103326661,-0.1936315591594144,-1.118418638961264,0.9199661820788771,-1.2897896599385599,Café Ciudad
-1.4390435124117524,1.49522363081618,0.44793525118176436,0.5663219852835834,0.3633849520496316,-0.7510710612835745,Cafeína Specialty Coffee Shop to Go
0.1482832422530845,-0.41404581110257144,0.8114897770417657,0.32564475324860603,-0.31653049777921943,-1.2897896599385599,Wayruru Café
0.9175534814030336,-0.8829394031885115,1.196429863246473,0.08496752121362659,0.1697256744122267,-0.3305287819036897,Lunas Restaurant Coffee
0.8569559041993422,-0.8401112017200231,1.5599843891064742,0.5663219852835834,-0.8731376286495293,0.30697831859800245,Warmisita Sweet & Waffles
-1.6470991456135204,1.4531117531037891,-0.0867037574358846,0.8069992173185606,-0.14316192937031788,0.014470627478640771,Madame Brunch & Bakery
0.21685021450240233,-0.3951547618208315,0.7687186563523537,0.5663219852835834,-0.3520325834358082,-1.2897896599385599,Mugen Coffee Project
-1.5264805464936502,1.4309534715784407,0.5762486132500001,0.5663219852835834,-0.16935949543332904,-0.3305287819036897,Macabeo
0.26711829183961033,-0.4104164374044443,0.8542608977311776,-1.118418638961264,0.5987690055163204,-0.3305287819036897,Cafe Beirut
0.22652233357420565,-0.40070627093157823,0.7901042166970598,-0.15570971082135068,1.027429218525417,-0.3305287819036897,Alexander Coffee
-1.4331809689298638,1.0813556419367178,-0.8138128091558872,0.5663219852835834,-0.18487311964409453,-0.3305287819036897,Mokaffee
0.8590519790288039,-0.8278541063358333,1.5813699494511801,0.32564475324860603,0.5967033770396917,0.5608781900995343,DT Brew House
-1.5297890039365605,1.4430991388226044,0.3837785701476465,-1.5997731030312197,0.25723262693821797,-0.3305287819036897,ROSSE COFFEE
0.2847759710585501,-0.4878032805336903,0.8970320184205895,0.32564475324860603,0.027133312012944676,-1.2897896599385599,Sangre y Madera Café Espacio Cultural
-1.4177594620867426,1.1978497825789314,-0.27917380053823826,-0.15570971082135068,0.0019721837361079127,0.5608781900995343,Kenti
-1.418788640216538,1.4474726933124014,0.8542608977311776,0.08496752121362659,1.3602914234861558,0.014470627478640771,Alexander Coffee
-1.3967825486906162,1.2778989623351487,0.04160960463235115,-0.39638694285633014,-0.9126315843370838,-0.3305287819036897,Vainilla Bistro
-1.418788640216538,1.4474726933124014,0.8542608977311776,0.08496752121362659,1.3602914234861558,0.014470627478640771,Alexander Coffee
-1.3967825486906162,1.2778989623351487,0.04160960463235115,-0.39638694285633014,-0.9126315843370838,-0.3305287819036897,Vainilla Bistro
0.026991097236641122,-0.5281601650435004,-0.7282705677770633,1.2883536813885172,-0.8482145028412975,-1.2897896599385599,El caldero inglés
0.6274060743529333,-0.8284510427995309,-0.5785716453641216,0.32564475324860603,0.5322381708723133,-1.2897896599385599,"Namas Té ,"
0.8804060781268963,-0.8247221796905048,1.5599843891064742,0.08496752121362659,-0.012487935288184208,0.30697831859800245,The Local Dish
-1.0658936974615203,1.585866443011965,-0.942126171224123,-0.39638694285633014,-0.5135703440938048,0.30697831859800245,Amasa brunch & bakery
-1.4302496971889196,1.3244838839471043,0.619019733939412,0.32564475324860603,-0.57145496560439,0.014470627478640771,Ona Restaurant
0.9075850021368148,-0.8906080469563578,1.175044302901767,1.2883536813885172,-0.21305199524383084,-1.2897896599385599,Restaurante Cafeteria Sabor Urbano
0.9917459089788224,-0.8808541051426056,1.2392009839358848,0.8069992173185606,1.1560169085288097,0.7851836876031707,Popular Cocina Boliviana
-1.4423196396516424,0.8551445793021916,-1.476765179841772,0.5663219852835834,0.5777773291555084,0.7851836876031707,HASTA LA VUELTA
0.34924239589077144,-0.5586397408698399,0.36239300980294054,1.2883536813885172,-0.4302292434191643,0.5608781900995343,El Carnero
0.4611264518268069,-0.5083856497956238,0.06299516497705711,-0.15570971082135068,0.6631431273182936,-0.3305287819036897,Restaurant Doña Remedios
0.9332605717061027,-0.8644224340904172,1.196429863246473,0.08496752121362659,-0.10081058357693282,0.30697831859800245,La Boliviana
0.8570205646053827,-0.8362112168247708,1.5599843891064742,0.8069992173185606,0.7441042538010729,0.014470627478640771,YATI Restaurant café bar
0.9164327010314117,-0.3199447469954505,-1.0490539729476527,-0.6370641748913074,0.6622187308107288,-1.2897896599385599,El Motacú restaurant
0.9945478599076859,-0.8823305279956871,1.2392009839358848,1.04767644935354,-0.33655313418731997,-1.2897896599385599,Reencuentro con la naturaleza
0.835596416734016,-0.6792408043809125,0.3410074494582346,0.5663219852835834,0.9552229147190615,-1.2897896599385599,Paceña La Salteña
0.9501477144196003,-0.8402186502832963,1.5172132684170623,0.5663219852835834,0.8375844757369139,0.5608781900995343,Café Restaurante Banais
-1.4234064708819576,1.2846005690324043,0.23407964773470477,0.8069992173185606,1.2441802951723167,0.7851836876031707,El Bosque Boulevard
0.1670455367421362,-0.48628706191647547,0.7687186563523537,0.32564475324860603,0.6269478811160567,1.1679926760602728,La Rufina Restaurant
0.18513967370184864,-0.26523353032641805,-0.4502582832958859,-0.6370641748913074,0.08691429341725519,-1.2897896599385599,La Nonna
0.8905847037127466,-0.908153999407109,1.175044302901767,0.5663219852835834,0.6704862337643253,0.30697831859800245,Sabor Cubano La Paz Bolivia
-1.441576044982178,1.4165991394192183,0.9184175787652955,1.04767644935354,-0.2647565932736636,-1.2897896599385599,Go Green
-1.64233582903451,1.0766796396397333,-1.1345962143264765,0.32564475324860603,0.8786267068549849,1.4872086702266105,El Vagón del Sur
-1.4260521591627624,1.063606731088547,-0.942126171224123,0.32564475324860603,0.4064526344044409,1.4872086702266105,La Tranquera
-1.0245918630967137,1.7446515423051698,-0.9848972919135349,1.04767644935354,0.0642428789587273,1.760980619179231,ASAU
1.4075877570237294,-0.23903995830810323,-1.3912229384629482,0.32564475324860603,0.06935736619275566,0.30697831859800245,Potokos
-1.357167273250285,1.541287227917083,-0.10808931778059057,-0.39638694285633014,0.27720869003404985,-0.3305287819036897,Sucremanta
0.9828389380452275,-0.9043336060401235,1.2605865442805908,0.08496752121362659,1.1836210626367794,-0.3305287819036897,The Carrot Tree Centro
0.4961185082344846,-0.5623089103326661,-0.1936315591594144,-1.118418638961264,0.9199661820788771,-1.2897896599385599,Café Ciudad
0.6743980244500596,-0.6772589753220928,-0.4930294039852978,-3.765868191346023,-0.57145496560439,-0.3305287819036897,Pasión Criolla
0.1533267539250005,-0.34904340980285503,0.44793525118176436,0.08496752121362659,1.2117948406328218,1.1679926760602728,Don Hugo Parrilla ex Parrilla Casa Argentina
0.9577075935604319,-0.9324970683886966,1.110887621867649,-0.39638694285633014,0.14340191395891083,-0.3305287819036897,Tia Gladys
-1.4208577732100218,1.9174129139971987,-1.4339940591523601,-0.6370641748913074,0.4727162064749098,0.5608781900995343,Restaurante Rincón Cochabambino
0.9078220902924238,-0.8975524078151665,1.175044302901767,1.04767644935354,0.3992495292473169,0.30697831859800245,New Delhi Curry Lounge
0.9128494368628297,-0.8958451695290934,1.175044302901767,0.08496752121362659,1.3861149676168474,-0.3305287819036897,Café del Mundo
0.910198360214791,-0.6758820418793449,0.3410074494582346,0.08496752121362659,0.8159317324576082,2.740154882697466,Ali Pacha
-1.5540474329398108,1.3476529778844948,0.619019733939412,-0.15570971082135068,0.7912251250969295,1.760980619179231,FUEGO Parrilla Experience
1.0639230872327,-0.7876842619181289,1.4102854666935325,-0.39638694285633014,0.007657714473155754,0.30697831859800245,El Solar De Las Cabecitas
0.971970601461677,-0.8085213240707424,1.645526630485298,0.32564475324860603,-0.7373934291637747,-3.2005333176455038,Rellenos de Doña Emi
-1.6022625423846621,1.4699254634931285,-0.022547076401766727,-0.6370641748913074,0.28782417828374984,-0.3305287819036897,Churrasquería El Fogoncito de Miky
-1.018319803709839,1.6467141665251839,-0.9848972919135349,-0.6370641748913074,-0.6356952072782243,-1.2897896599385599,Potro Negro Restaurante
-0.7364650937357583,0.44649779469071665,-1.3270662574288303,0.5663219852835834,-0.3954305873557972,0.014470627478640771,"RESTAURANTE "" MISTURAS """
0.8431293540388697,-0.8471351541070986,1.5172132684170623,1.2883536813885172,0.33334733900737135,-1.2897896599385599,Cafe Vida Vegan & Healthy Restaurant La Paz
-0.9735478608870212,1.6264143471895025,-1.0276684126029467,-0.15570971082135068,-0.247009627084023,-1.2897896599385599,Restaurant Sol y Luna
0.8945613186848047,-0.1198874606151056,-1.0918250936370646,0.08496752121362659,0.6612928728061015,1.3342035768348843,Restaurant Chabuca
-1.2888212240548749,1.3750483819831443,0.04160960463235115,-0.39638694285633014,0.416390413404354,1.760980619179231,Nina Brasas con Altura
0.23074681343614908,-0.27875215143657706,-0.23640267984882632,0.08496752121362659,1.2540283364261946,0.5608781900995343,Chifa Lu Qing
-1.575315318163119,1.1376149138341587,-0.8351983695005931,0.5663219852835834,0.9288346766481232,1.6289528361607486,Tinto
0.26845460689790596,-0.4312972748979437,0.8542608977311776,-0.39638694285633014,0.31522590510853477,1.1679926760602728,Mi Perú
0.29820378204831266,-0.4412581546858681,0.8756464580758836,1.5290309134234967,-1.8974779249727538,-0.3305287819036897,La Ollita Chuquisaqueña
1.692901798721545,-0.24946246896087984,-1.4126084988076542,-1.118418638961264,-0.5417977391074585,-1.2897896599385599,"Kiosco El ""Palacio"" del Thimpu"
0.3175264667231753,-0.5144744017233025,0.640405294284118,0.08496752121362659,0.7978672197355219,0.30697831859800245,Il Falco
-1.517746003309624,1.4739886110211016,0.19130852704529286,0.5663219852835834,1.232069862220471,1.4872086702266105,Fellini Pizza y Gelato
0.287480931378353,-0.48136432588061984,0.8970320184205895,0.5663219852835834,0.30849473828695273,1.4872086702266105,LUDO COCINA A LA VISTA
0.758149415387081,-0.6137449356045848,-0.407487162606474,-2.562482031171132,-0.8482145028412975,-1.2897896599385599,Restaurante La Ollada
0.2865702973263623,-0.535355239216802,0.597634173594706,0.08496752121362659,-0.05498570065126347,0.30697831859800245,Beatricce
-1.343297616152516,1.5955726299086441,-0.7710416884664753,-0.39638694285633014,-1.6600355036014487,0.014470627478640771,El Buen Gusto - Almuerzos y Comida Rapida
0.8662562259362219,-0.8352561184833073,1.5599843891064742,-0.8777414069262858,0.6298881637747458,0.5608781900995343,La Cueva
0.6359304712171368,-0.2255690921144519,-1.1987528953605944,-1.5997731030312197,-0.6617263846298045,-1.2897896599385599,Doña Milanesa
0.4157564002481155,-0.5496578368821985,0.08438072532176306,-1.3590958709962415,-0.9126315843370838,0.014470627478640771,Restaurant Jazmín
-0.7646300889379841,-1.2587188661194222,-1.498150740186478,-0.6370641748913074,-0.9264111628246542,-1.2897896599385599,El Famoso Chairo
1.004629494884284,-0.9283742272139581,1.0895020615229432,0.08496752121362659,-0.19678414177303652,-0.3305287819036897,Marrakech
1.5067660431709142,-0.21331995588376756,-1.4126084988076542,-0.8777414069262858,-0.32147234200906605,0.014470627478640771,Restaurante Pico de Oro
-1.3308019926832968,1.086127154068414,-1.0704395332923586,0.08496752121362659,0.7050217083635786,1.4872086702266105,Churrasquería el rodeo
0.9175534814030336,-0.8829394031885115,1.196429863246473,0.08496752121362659,0.1697256744122267,-0.3305287819036897,Lunas Restaurant Coffee
0.1271608429431758,-0.38016767701053084,0.5762486132500001,-0.15570971082135068,0.8044348220227064,0.014470627478640771,La Capital Hamburguesas
0.8905847037127466,-0.908153999407109,1.175044302901767,0.5663219852835834,0.6704862337643253,0.30697831859800245,Sabor Cubano La Paz Bolivia
-1.6316991922391433,1.18320892091727,-0.942126171224123,0.5663219852835834,1.302169659511236,2.740154882697466,Gustu
0.9321828982719687,-0.8901105999029937,1.175044302901767,0.8069992173185606,0.8709043303428595,0.30697831859800245,Oliva Restaurant - Cocina Abierta
0.8570205646053827,-0.8362112168247708,1.5599843891064742,0.8069992173185606,0.7441042538010729,0.014470627478640771,YATI Restaurant café bar
-1.517746003309624,1.4739886110211016,0.19130852704529286,0.5663219852835834,1.232069862220471,1.4872086702266105,Fellini Pizza y Gelato
0.1670455367421362,-0.48628706191647547,0.7687186563523537,0.32564475324860603,0.6269478811160567,1.1679926760602728,La Rufina Restaurant
0.23084380404520968,-0.4055215584035951,0.7687186563523537,0.5663219852835834,0.8484544874298908,0.7851836876031707,Manq'a Restaurante
-1.0245918630967137,1.7446515423051698,-0.9848972919135349,1.04767644935354,0.0642428789587273,1.760980619179231,ASAU
0.21751298366450775,-0.34797290374517836,0.5762486132500001,0.5663219852835834,0.12517149032211528,1.1679926760602728,Bodegón Porteño
-1.2971516397011487,1.375151850969665,0.06299516497705711,0.8069992173185606,1.0189384206356147,2.740154882697466,La Suisse Restaurant
0.9128494368628297,-0.8958451695290934,1.175044302901767,0.08496752121362659,1.3861149676168474,-0.3305287819036897,Café del Mundo
0.287480931378353,-0.48136432588061984,0.8970320184205895,0.5663219852835834,0.30849473828695273,1.4872086702266105,LUDO COCINA A LA VISTA
0.9078220902924238,-0.8975524078151665,1.175044302901767,1.04767644935354,0.3992495292473169,0.30697831859800245,New Delhi Curry Lounge
0.9332605717061027,-0.8644224340904172,1.196429863246473,0.08496752121362659,-0.10081058357693282,0.30697831859800245,La Boliviana
0.1533267539250005,-0.34904340980285503,0.44793525118176436,0.08496752121362659,1.2117948406328218,1.1679926760602728,Don Hugo Parrilla ex Parrilla Casa Argentina
0.910198360214791,-0.6758820418793449,0.3410074494582346,0.08496752121362659,0.8159317324576082,2.740154882697466,Ali Pacha
0.9501477144196003,-0.8402186502832963,1.5172132684170623,0.5663219852835834,0.8375844757369139,0.5608781900995343,Café Restaurante Banais
-1.4103342921254172,1.2692831793787787,0.08438072532176306,-0.6370641748913074,0.21511215245314325,1.4872086702266105,La Casa del Camba - Restaurant- La Paz
-1.0967151576790186,1.737193816087683,-1.0062828522582408,0.32564475324860603,-0.04252554833044398,0.9860792043722097,Carbón & Sal
-1.64233582903451,1.0766796396397333,-1.1345962143264765,0.32564475324860603,0.8786267068549849,1.4872086702266105,El Vagón del Sur
-1.0967151576790186,1.737193816087683,-1.0062828522582408,0.32564475324860603,-0.04252554833044398,0.9860792043722097,Carbón & Sal
-1.5540474329398108,1.3476529778844948,0.619019733939412,-0.15570971082135068,0.7912251250969295,1.760980619179231,FUEGO Parrilla Experience
0.9770949386411435,-0.9023318790992371,1.2392009839358848,0.5663219852835834,0.2754205815731861,0.014470627478640771,The Lucky Llama Irish Bar
0.9075850021368148,-0.8906080469563578,1.175044302901767,1.2883536813885172,-0.21305199524383084,-1.2897896599385599,Restaurante Cafeteria Sabor Urbano
-1.4002957640861156,1.1442568268852145,-0.4930294039852978,1.2883536813885172,0.0048218490476745575,1.1679926760602728,Mestizo Cocina de Autor
-1.575315318163119,1.1376149138341587,-0.8351983695005931,0.5663219852835834,0.9288346766481232,1.6289528361607486,Tinto
-1.4233202570071732,1.265001155146941,0.14853740635588095,0.5663219852835834,-0.29716988935479693,1.6289528361607486,Sach’a Yuntas
0.9917459089788224,-0.8808541051426056,1.2392009839358848,0.8069992173185606,1.1560169085288097,0.7851836876031707,Popular Cocina Boliviana
0.9106725365258176,-0.8961396581844723,1.175044302901767,0.32564475324860603,0.5702487856834442,0.014470627478640771,Bolivian Green Kitchen
0.3175264667231753,-0.5144744017233025,0.640405294284118,0.08496752121362659,0.7978672197355219,0.30697831859800245,Il Falco
0.611607381807846,-0.5332062679479433,-0.6427283263982395,0.32564475324860603,0.8320728579599149,0.7851836876031707,Restaurant Vienna
-1.5643230491345301,1.4540469535637515,0.14853740635588095,0.32564475324860603,0.35249689480973123,0.7851836876031707,Propiedad Pública
0.8851262877686105,-0.8697829235323057,1.175044302901767,0.32564475324860603,0.5756361747923023,-0.3305287819036897,La Grosería
-0.029069474808989713,-0.4601492039676081,-0.7710416884664753,-0.15570971082135068,0.5252665996550543,-0.3305287819036897,Ita Bella Restaurant
-1.2888212240548749,1.3750483819831443,0.04160960463235115,-0.39638694285633014,0.416390413404354,1.760980619179231,Nina Brasas con Altura
-1.570293359959947,1.4422952643853002,0.127151846011175,-0.39638694285633014,-0.13228350387189453,1.1679926760602728,Tutto Pasta
0.4611264518268069,-0.5083856497956238,0.06299516497705711,-0.15570971082135068,0.6631431273182936,-0.3305287819036897,Restaurant Doña Remedios
0.36564458555896606,-0.4698195746763407,0.640405294284118,-0.15570971082135068,1.141914969922323,1.1679926760602728,Churrasquería Sabor Gaucho
-1.1725456488747525,1.5175530341277543,-0.8565839298452991,0.8069992173185606,0.18035400727256592,0.9860792043722097,La Bastille
0.3171600577554855,-0.488050014271996,0.7259475356629418,0.5663219852835834,0.5333920728534324,2.740154882697466,Mi Chola
0.21138102182399,-0.31063253816448394,0.14853740635588095,0.32564475324860603,0.22884556396004846,1.3342035768348843,El Rincón Español
0.8945613186848047,-0.1198874606151056,-1.0918250936370646,0.08496752121362659,0.6612928728061015,1.3342035768348843,Restaurant Chabuca
0.8431293540388697,-0.8471351541070986,1.5172132684170623,1.2883536813885172,0.33334733900737135,-1.2897896599385599,Cafe Vida Vegan & Healthy Restaurant La Paz
0.8759175682735575,-0.8227164731734312,1.5599843891064742,-0.15570971082135068,1.2563808420069196,1.6289528361607486,The Steakhouse
-0.22592269266253767,1.1557578027486075,-1.476765179841772,0.32564475324860603,-0.8127124171847093,0.7851836876031707,Parrilla 62
-1.6149467587049602,1.4377665064157223,-0.043932636746472686,0.32564475324860603,-0.2647565932736636,-0.3305287819036897,El Rincon de Venezuela
-1.3285334901042665,1.0653298876799342,-1.1345962143264765,0.8069992173185606,0.6937346786638249,1.1679926760602728,Restaurant Furusato
-1.4495993236995686,1.1207614076812513,-0.47164384364059186,-0.15570971082135068,-0.012487935288184208,0.014470627478640771,Sumaq Mikhuy Comida Nacional
0.42113937905174353,-0.5665113430356713,-0.06531819709117864,-0.15570971082135068,0.5322381708723133,1.1679926760602728,Rodizio La Pradera
0.3512307033768962,-0.4764535285744566,0.6617908546288239,-0.8777414069262858,0.13663183779437213,-1.2897896599385599,Chez Moustache
-1.4403421088999855,1.3954914660700455,0.9184175787652955,0.08496752121362659,0.9139783480493605,1.3342035768348843,Reineke Fuchs
0.8883485313369278,-0.8303493007533311,1.5599843891064742,0.32564475324860603,0.1297825776575753,0.014470627478640771,New Moti Mehal
-1.2501920198070424,1.3661022941828835,-0.23640267984882632,0.5663219852835834,0.31522590510853477,0.9860792043722097,La Catrina
0.24911036875449077,-0.37885839636692276,0.7045619753182358,0.08496752121362659,0.6981016270582465,0.30697831859800245,Beef & Beer
0.9108126340721746,-0.8947627247422899,1.175044302901767,0.08496752121362659,-0.16554446522431437,-0.3305287819036897,Tambo
0.332085834818836,-0.4584459452582877,0.8542608977311776,0.08496752121362659,0.42199433239770606,0.7851836876031707,Pronto Dalicatessen
-1.5139256509854329,1.5090327610055305,0.14853740635588095,0.5663219852835834,0.6089892486208767,1.1679926760602728,Paladar-Cozinha Brasileira
0.8485877699830058,-0.8474654589504237,1.5172132684170623,0.5663219852835834,0.6415038516940355,0.7851836876031707,Curry House
0.5689584556504675,-0.5878100360537025,-0.5571860850194157,-0.8777414069262858,-0.21305199524383084,-0.7510710612835745,Cacique Siñani
0.29190478082565147,-0.4513105647311862,0.8756464580758836,-0.6370641748913074,0.6190341787122914,-0.3305287819036897,Ciclik
